"Question_ID","word","n"
"K1_Refleksi","teman",7
"K1_Refleksi","sama",6
"K1_Refleksi","bekerja",5
"K1_Refleksi","menghargai",5
"K1_Refleksi","pendapat",5
"K1_Refleksi","pelaksanaan",3
"K1_Refleksi","proses",3
"K1_Refleksi","saling",3
"K1_Refleksi","tim",3
"K1_Refleksi","belajar",2
"K1_Refleksi","berdiskusi",2
"K1_Refleksi","hingga",2
"K1_Refleksi","kerja",2
"K1_Refleksi","komunikasi",2
"K1_Refleksi","mendorong",2
"K1_Refleksi","penting",2
"K1_Refleksi","persiapan",2
"K1_Refleksi","tugas",2
"K1_Refleksi","ya",2
"K1_Refleksi","adanya",1
"K1_Refleksi","agar",1
"K1_Refleksi","anggota",1
"K1_Refleksi","antar",1
"K1_Refleksi","baik",1
"K1_Refleksi","berkegiatan",1
"K1_Refleksi","berkerjasama",1
"K1_Refleksi","bersama",1
"K1_Refleksi","dibutuhkan",1
"K1_Refleksi","dilakukan",1
"K1_Refleksi","harus",1
"K1_Refleksi","hasil",1
"K1_Refleksi","ide",1
"K1_Refleksi","intens",1
"K1_Refleksi","kelompok",1
"K1_Refleksi","kemaren",1
"K1_Refleksi","kerjasama",1
"K1_Refleksi","ketika",1
"K1_Refleksi","memahami",1
"K1_Refleksi","mendengarkan",1
"K1_Refleksi","mendukung",1
"K1_Refleksi","menyelesaikan",1
"K1_Refleksi","oleh",1
"K1_Refleksi","orang",1
"K1_Refleksi","pelaksaan",1
"K1_Refleksi","pembagian",1
"K1_Refleksi","pengaplikasian",1
"K1_Refleksi","pentingnya",1
"K1_Refleksi","secara",1
"K1_Refleksi","sehingga",1
"K1_Refleksi","sendiri",1
"K1_Refleksi","setiap",1
"K1_Refleksi","setuju",1
"K1_Refleksi","solusi",1
"K1_Refleksi","terbaik",1
"K1_Refleksi","tercipta",1
"K1_Refleksi","terutama",1
"K2_Refleksi","aktif",4
"K2_Refleksi","ikut",3
"K2_Refleksi","membantu",3
"K2_Refleksi","proses",3
"K2_Refleksi","setiap",3
"K2_Refleksi","ada",2
"K2_Refleksi","berperan",2
"K2_Refleksi","cukup",2
"K2_Refleksi","ide",2
"K2_Refleksi","memberi",2
"K2_Refleksi","saling",2
"K2_Refleksi","agar",1
"K2_Refleksi","antusias",1
"K2_Refleksi","bagian",1
"K2_Refleksi","baik",1
"K2_Refleksi","beberapa",1
"K2_Refleksi","berdiskusi",1
"K2_Refleksi","berjalan",1
"K2_Refleksi","berkerja",1
"K2_Refleksi","berlangsung",1
"K2_Refleksi","bertanya",1
"K2_Refleksi","berusaha",1
"K2_Refleksi","dibutuhkan",1
"K2_Refleksi","diskusi",1
"K2_Refleksi","iyaaa",1
"K2_Refleksi","kekurangan",1
"K2_Refleksi","ketika",1
"K2_Refleksi","kreatif",1
"K2_Refleksi","label",1
"K2_Refleksi","lagi",1
"K2_Refleksi","lancar",1
"K2_Refleksi","masih",1
"K2_Refleksi","memberikan",1
"K2_Refleksi","mempersiapkan",1
"K2_Refleksi","mengikuti",1
"K2_Refleksi","menutup",1
"K2_Refleksi","meskipun",1
"K2_Refleksi","pelaksanaan",1
"K2_Refleksi","pembagian",1
"K2_Refleksi","prosedur",1
"K2_Refleksi","rasa",1
"K2_Refleksi","secara",1
"K2_Refleksi","serta",1
"K2_Refleksi","setuju",1
"K2_Refleksi","tahap",1
"K2_Refleksi","telat",1
"K2_Refleksi","teman",1
"K2_Refleksi","terlibat",1
"K2_Refleksi","tim",1
"K2_Refleksi","tingkatkan",1
"K2_Refleksi","tugas",1
"K2_Refleksi","ya",1
"K3_Refleksi","menjaga",5
"K3_Refleksi","alam",4
"K3_Refleksi","hidup",4
"K3_Refleksi","jawab",4
"K3_Refleksi","makhluk",4
"K3_Refleksi","ekosistem",3
"K3_Refleksi","lingkungan",3
"K3_Refleksi","membuat",3
"K3_Refleksi","bahwa",2
"K3_Refleksi","bertanggung",2
"K3_Refleksi","melestarikan",2
"K3_Refleksi","sadar",2
"K3_Refleksi","tanggung",2
"K3_Refleksi","bagaimana",1
"K3_Refleksi","bagi",1
"K3_Refleksi","baik",1
"K3_Refleksi","berdampak",1
"K3_Refleksi","berhubungan",1
"K3_Refleksi","bersama",1
"K3_Refleksi","besar",1
"K3_Refleksi","biologi",1
"K3_Refleksi","budidaya",1
"K3_Refleksi","daya",1
"K3_Refleksi","demi",1
"K3_Refleksi","didapatkan",1
"K3_Refleksi","diharapkan",1
"K3_Refleksi","habitat",1
"K3_Refleksi","hasil",1
"K3_Refleksi","hayati",1
"K3_Refleksi","keanekaragaman",1
"K3_Refleksi","keberlangsungan",1
"K3_Refleksi","kebersihan",1
"K3_Refleksi","kecil",1
"K3_Refleksi","kelestarian",1
"K3_Refleksi","kesadaran",1
"K3_Refleksi","lakukan",1
"K3_Refleksi","limbah",1
"K3_Refleksi","maka",1
"K3_Refleksi","melindungi",1
"K3_Refleksi","memahami",1
"K3_Refleksi","memanfaatkan",1
"K3_Refleksi","mempelajari",1
"K3_Refleksi","menghemat",1
"K3_Refleksi","menumbuhkan",1
"K3_Refleksi","merasa",1
"K3_Refleksi","organik",1
"K3_Refleksi","peduli",1
"K3_Refleksi","pentingnya",1
"K3_Refleksi","rasa",1
"K3_Refleksi","saling",1
"K3_Refleksi","sehingga",1
"K3_Refleksi","sekitarnya",1
"K3_Refleksi","semakin",1
"K3_Refleksi","seorang",1
"K3_Refleksi","serta",1
"K3_Refleksi","setiap",1
"K3_Refleksi","setuju",1
"K3_Refleksi","sumber",1
"K3_Refleksi","terhadap",1
"K3_Refleksi","terjaga",1
"K3_Refleksi","termasuk",1
"K3_Refleksi","terutama",1
"K3_Refleksi","tindakan",1
"K3_Refleksi","wajib",1
"K3_Refleksi","ya",1
"K3_Refleksi","yaa",1
"K4_Refleksi","lingkungan",5
"K4_Refleksi","limbah",4
"K4_Refleksi","organik",3
"K4_Refleksi","sekitar",3
"K4_Refleksi","termotivasi",3
"K4_Refleksi","bagi",2
"K4_Refleksi","bermanfaat",2
"K4_Refleksi","manfaat",2
"K4_Refleksi","manfaatnya",2
"K4_Refleksi","masyarakat",2
"K4_Refleksi","membuat",2
"K4_Refleksi","mengurangi",2
"K4_Refleksi","rumah",2
"K4_Refleksi","ada",1
"K4_Refleksi","alternatif",1
"K4_Refleksi","aplikasi",1
"K4_Refleksi","baru",1
"K4_Refleksi","berbagai",1
"K4_Refleksi","berkontribusi",1
"K4_Refleksi","cara",1
"K4_Refleksi","dijadikan",1
"K4_Refleksi","ditanaman",1
"K4_Refleksi","diterapkan",1
"K4_Refleksi","enzym",1
"K4_Refleksi","gaya",1
"K4_Refleksi","hama",1
"K4_Refleksi","hidup",1
"K4_Refleksi","ikut",1
"K4_Refleksi","ingin",1
"K4_Refleksi","jadi",1
"K4_Refleksi","kalangan",1
"K4_Refleksi","kelestarian",1
"K4_Refleksi","kepada",1
"K4_Refleksi","memahami",1
"K4_Refleksi","memanfaatkan",1
"K4_Refleksi","memanfaatkannya",1
"K4_Refleksi","membagikan",1
"K4_Refleksi","membantu",1
"K4_Refleksi","memiliki",1
"K4_Refleksi","menarik",1
"K4_Refleksi","mendukung",1
"K4_Refleksi","menerapkan",1
"K4_Refleksi","mengenal",1
"K4_Refleksi","mengetahui",1
"K4_Refleksi","mengolah",1
"K4_Refleksi","mengurami",1
"K4_Refleksi","menjaga",1
"K4_Refleksi","merasa",1
"K4_Refleksi","mungkin",1
"K4_Refleksi","nanti",1
"K4_Refleksi","orang",1
"K4_Refleksi","pemanfaatan",1
"K4_Refleksi","pengolahan",1
"K4_Refleksi","ramah",1
"K4_Refleksi","sampah",1
"K4_Refleksi","sendiri",1
"K4_Refleksi","serangga",1
"K4_Refleksi","serta",1
"K4_Refleksi","sesuatu",1
"K4_Refleksi","setuju",1
"K4_Refleksi","solusi",1
"K4_Refleksi","tangga",1
"K4_Refleksi","terdorong",1
"K4_Refleksi","tertarik",1
"K4_Refleksi","terutama",1
"K4_Refleksi","upaya",1
"K4_Refleksi","ya",1
"K4_Refleksi","yaa",1
"K5_Refleksi","berkelanjutan",8
"K5_Refleksi","pembangunan",7
"K5_Refleksi","generasi",6
"K5_Refleksi","z",6
"K5_Refleksi","memiliki",5
"K5_Refleksi","nyata",5
"K5_Refleksi","penting",5
"K5_Refleksi","lingkungan",4
"K5_Refleksi","peran",4
"K5_Refleksi","bahwa",3
"K5_Refleksi","mendukung",3
"K5_Refleksi","menjaga",3
"K5_Refleksi","mewujudkan",3
"K5_Refleksi","aksi",2
"K5_Refleksi","baik",2
"K5_Refleksi","berperan",2
"K5_Refleksi","melalui",2
"K5_Refleksi","memahami",2
"K5_Refleksi","menyadari",2
"K5_Refleksi","perubahan",2
"K5_Refleksi","agar",1
"K5_Refleksi","agen",1
"K5_Refleksi","bagaimana",1
"K5_Refleksi","berinovasi",1
"K5_Refleksi","berkontribusi",1
"K5_Refleksi","contoh",1
"K5_Refleksi","cukup",1
"K5_Refleksi","depan",1
"K5_Refleksi","digital",1
"K5_Refleksi","dilakukan",1
"K5_Refleksi","era",1
"K5_Refleksi","gen",1
"K5_Refleksi","harus",1
"K5_Refleksi","kekuatan",1
"K5_Refleksi","kesadaran",1
"K5_Refleksi","ketimpangan",1
"K5_Refleksi","kontribusinya",1
"K5_Refleksi","masa",1
"K5_Refleksi","masyarakat",1
"K5_Refleksi","memang",1
"K5_Refleksi","membawa",1
"K5_Refleksi","membuat",1
"K5_Refleksi","menciptakan",1
"K5_Refleksi","mengambil",1
"K5_Refleksi","mengurangi",1
"K5_Refleksi","menunjukkan",1
"K5_Refleksi","menurut",1
"K5_Refleksi","menyebarkan",1
"K5_Refleksi","penerus",1
"K5_Refleksi","pengabdian",1
"K5_Refleksi","penggunaan",1
"K5_Refleksi","salah",1
"K5_Refleksi","satu",1
"K5_Refleksi","sdgs",1
"K5_Refleksi","seperti",1
"K5_Refleksi","serta",1
"K5_Refleksi","setuju",1
"K5_Refleksi","tentunya",1
"K5_Refleksi","tercipta",1
"K5_Refleksi","tindakan",1
"K5_Refleksi","tujuan",1
"K5_Refleksi","tumbuh",1
"K5_Refleksi","upaya",1
"K5_Refleksi","ya",1
"K5_Refleksi","yaa",1
"Q10_Refleksi","memberikan",5
"Q10_Refleksi","pengalaman",5
"Q10_Refleksi","baru",3
"Q10_Refleksi","langsung",3
"Q10_Refleksi","bagi",2
"Q10_Refleksi","baik",2
"Q10_Refleksi","berjalan",2
"Q10_Refleksi","bermanfaat",2
"Q10_Refleksi","ilmu",2
"Q10_Refleksi","kemampuan",2
"Q10_Refleksi","lancar",2
"Q10_Refleksi","limbah",2
"Q10_Refleksi","lingkungan",2
"Q10_Refleksi","manfaat",2
"Q10_Refleksi","membantu",2
"Q10_Refleksi","organik",2
"Q10_Refleksi","pengetahuan",2
"Q10_Refleksi","ada",1
"Q10_Refleksi","agar",1
"Q10_Refleksi","alami",1
"Q10_Refleksi","aman",1
"Q10_Refleksi","aplikatif",1
"Q10_Refleksi","belajar",1
"Q10_Refleksi","bentuk",1
"Q10_Refleksi","berkesan",1
"Q10_Refleksi","dijadikan",1
"Q10_Refleksi","ekosistem",1
"Q10_Refleksi","hama",1
"Q10_Refleksi","informatif",1
"Q10_Refleksi","iyaa",1
"Q10_Refleksi","keren",1
"Q10_Refleksi","kerja",1
"Q10_Refleksi","kesadaran",1
"Q10_Refleksi","maupun",1
"Q10_Refleksi","melalui",1
"Q10_Refleksi","memahami",1
"Q10_Refleksi","memanfaatkan",1
"Q10_Refleksi","membersihkan",1
"Q10_Refleksi","menambah",1
"Q10_Refleksi","mendapat",1
"Q10_Refleksi","meningkatkan",1
"Q10_Refleksi","menurut",1
"Q10_Refleksi","observasu",1
"Q10_Refleksi","peduli",1
"Q10_Refleksi","pelaksanaan",1
"Q10_Refleksi","pemanfaatannya",1
"Q10_Refleksi","pengganggu",1
"Q10_Refleksi","perkuliahan",1
"Q10_Refleksi","pestisida",1
"Q10_Refleksi","puas",1
"Q10_Refleksi","sama",1
"Q10_Refleksi","sarang",1
"Q10_Refleksi","sendiri",1
"Q10_Refleksi","setuju",1
"Q10_Refleksi","tangan",1
"Q10_Refleksi","terjaga",1
"Q10_Refleksi","terlaksana",1
"Q10_Refleksi","terstruktur",1
"Q10_Refleksi","tetap",1
"Q10_Refleksi","tim",1
"Q10_Refleksi","turun",1
"Q10_Refleksi","wawasan",1
"Q10_Refleksi","ya",1
"Q1_Refleksi","lingkungan",5
"Q1_Refleksi","organik",5
"Q1_Refleksi","membantu",4
"Q1_Refleksi","hama",3
"Q1_Refleksi","kebersihan",3
"Q1_Refleksi","koloni",3
"Q1_Refleksi","limbah",3
"Q1_Refleksi","manfaat",3
"Q1_Refleksi","menjaga",3
"Q1_Refleksi","paham",3
"Q1_Refleksi","sarang",3
"Q1_Refleksi","alami",2
"Q1_Refleksi","bagi",2
"Q1_Refleksi","bahwa",2
"Q1_Refleksi","bermanfaat",2
"Q1_Refleksi","cairan",2
"Q1_Refleksi","cukup",2
"Q1_Refleksi","diberikan",2
"Q1_Refleksi","ekosistem",2
"Q1_Refleksi","enzym",2
"Q1_Refleksi","fungsi",2
"Q1_Refleksi","kesehatan",2
"Q1_Refleksi","memahami",2
"Q1_Refleksi","mendukung",2
"Q1_Refleksi","pengendali",2
"Q1_Refleksi","pestisida",2
"Q1_Refleksi","ramah",2
"Q1_Refleksi","sekitar",2
"Q1_Refleksi","tahu",2
"Q1_Refleksi","agen",1
"Q1_Refleksi","alam",1
"Q1_Refleksi","apa",1
"Q1_Refleksi","area",1
"Q1_Refleksi","bagaimana",1
"Q1_Refleksi","berdasarkan",1
"Q1_Refleksi","berguna",1
"Q1_Refleksi","buah",1
"Q1_Refleksi","cara",1
"Q1_Refleksi","dasar",1
"Q1_Refleksi","diaplikasikan",1
"Q1_Refleksi","dicampur",1
"Q1_Refleksi","dicari",1
"Q1_Refleksi","dilaksanakan",1
"Q1_Refleksi","ekosistemnya",1
"Q1_Refleksi","fermentasi",1
"Q1_Refleksi","hasil",1
"Q1_Refleksi","kenyamanan",1
"Q1_Refleksi","ketika",1
"Q1_Refleksi","melalui",1
"Q1_Refleksi","mengganggu",1
"Q1_Refleksi","menggangu",1
"Q1_Refleksi","mengolah",1
"Q1_Refleksi","mengurangi",1
"Q1_Refleksi","meningkatkan",1
"Q1_Refleksi","molase",1
"Q1_Refleksi","pembersih",1
"Q1_Refleksi","pengalaman",1
"Q1_Refleksi","pengurai",1
"Q1_Refleksi","penjelasan",1
"Q1_Refleksi","penolak",1
"Q1_Refleksi","perannya",1
"Q1_Refleksi","pertumbuhan",1
"Q1_Refleksi","pupuk",1
"Q1_Refleksi","repellent",1
"Q1_Refleksi","saja",1
"Q1_Refleksi","sampah",1
"Q1_Refleksi","sayur",1
"Q1_Refleksi","sehingga",1
"Q1_Refleksi","sekaligus",1
"Q1_Refleksi","seperti",1
"Q1_Refleksi","serangga",1
"Q1_Refleksi","serta",1
"Q1_Refleksi","setuju",1
"Q1_Refleksi","tanaman",1
"Q1_Refleksi","tau",1
"Q1_Refleksi","terkait",1
"Q2_Refleksi","bioteknologi",8
"Q2_Refleksi","ekologi",7
"Q2_Refleksi","lingkungan",6
"Q2_Refleksi","langsung",5
"Q2_Refleksi","bagaimana",4
"Q2_Refleksi","konsep",3
"Q2_Refleksi","lapangan",3
"Q2_Refleksi","teori",3
"Q2_Refleksi","alami",2
"Q2_Refleksi","diterapkan",2
"Q2_Refleksi","ekosistem",2
"Q2_Refleksi","habitat",2
"Q2_Refleksi","hama",2
"Q2_Refleksi","keseimbangan",2
"Q2_Refleksi","pemanfaatan",2
"Q2_Refleksi","pengelolaan",2
"Q2_Refleksi","sarang",2
"Q2_Refleksi","secara",2
"Q2_Refleksi","adanya",1
"Q2_Refleksi","area",1
"Q2_Refleksi","bahan",1
"Q2_Refleksi","berhubungan",1
"Q2_Refleksi","bersifat",1
"Q2_Refleksi","budidaya",1
"Q2_Refleksi","cara",1
"Q2_Refleksi","dampak",1
"Q2_Refleksi","diberikan",1
"Q2_Refleksi","diharapkan",1
"Q2_Refleksi","dilakukan",1
"Q2_Refleksi","enzym",1
"Q2_Refleksi","hanya",1
"Q2_Refleksi","kebun",1
"Q2_Refleksi","lingkungannya",1
"Q2_Refleksi","lumayan",1
"Q2_Refleksi","melalui",1
"Q2_Refleksi","melihat",1
"Q2_Refleksi","memahami",1
"Q2_Refleksi","memanfaatkan",1
"Q2_Refleksi","membantu",1
"Q2_Refleksi","membuat",1
"Q2_Refleksi","memiliki",1
"Q2_Refleksi","menerapkan",1
"Q2_Refleksi","mengetahui",1
"Q2_Refleksi","mengganggu",1
"Q2_Refleksi","menggunakan",1
"Q2_Refleksi","menghubungkan",1
"Q2_Refleksi","mengurangi",1
"Q2_Refleksi","menjaga",1
"Q2_Refleksi","merasakan",1
"Q2_Refleksi","mikroorganisme",1
"Q2_Refleksi","paham",1
"Q2_Refleksi","pelaksanaan",1
"Q2_Refleksi","pelaksanaannya",1
"Q2_Refleksi","pelestarian",1
"Q2_Refleksi","penerapan",1
"Q2_Refleksi","penggunaan",1
"Q2_Refleksi","pengusir",1
"Q2_Refleksi","pestisida",1
"Q2_Refleksi","praktik",1
"Q2_Refleksi","saling",1
"Q2_Refleksi","sana",1
"Q2_Refleksi","sekitar",1
"Q2_Refleksi","seperti",1
"Q2_Refleksi","setuju",1
"Q2_Refleksi","tanaman",1
"Q2_Refleksi","tempat",1
"Q2_Refleksi","teoritis",1
"Q2_Refleksi","terkait",1
"Q2_Refleksi","termasuk",1
"Q2_Refleksi","terutama",1
"Q2_Refleksi","tetapi",1
"Q2_Refleksi","wawa",1
"Q3_Refleksi","sarang",9
"Q3_Refleksi","bagian",6
"Q3_Refleksi","agar",3
"Q3_Refleksi","diberikan",3
"Q3_Refleksi","dilakukan",3
"Q3_Refleksi","menggunakan",3
"Q3_Refleksi","sekitar",3
"Q3_Refleksi","aktivitas",2
"Q3_Refleksi","aplikasi",2
"Q3_Refleksi","area",2
"Q3_Refleksi","bud",2
"Q3_Refleksi","cara",2
"Q3_Refleksi","cukup",2
"Q3_Refleksi","hati",2
"Q3_Refleksi","langsung",2
"Q3_Refleksi","mengganggu",2
"Q3_Refleksi","merasa",2
"Q3_Refleksi","pengaplikasian",2
"Q3_Refleksi","adanya",1
"Q3_Refleksi","ahli",1
"Q3_Refleksi","amdal",1
"Q3_Refleksi","anang",1
"Q3_Refleksi","arahan",1
"Q3_Refleksi","atau",1
"Q3_Refleksi","baik",1
"Q3_Refleksi","bapak",1
"Q3_Refleksi","batang",1
"Q3_Refleksi","bimbingan",1
"Q3_Refleksi","caranya",1
"Q3_Refleksi","cotton",1
"Q3_Refleksi","cutton",1
"Q3_Refleksi","dampingi",1
"Q3_Refleksi","diajari",1
"Q3_Refleksi","diarea",1
"Q3_Refleksi","dioles",1
"Q3_Refleksi","diri",1
"Q3_Refleksi","disekitar",1
"Q3_Refleksi","disemprot",1
"Q3_Refleksi","dosen",1
"Q3_Refleksi","enzym",1
"Q3_Refleksi","kapas",1
"Q3_Refleksi","kebersihan",1
"Q3_Refleksi","kecuali",1
"Q3_Refleksi","kemudian",1
"Q3_Refleksi","kestabilan",1
"Q3_Refleksi","koloni",1
"Q3_Refleksi","kurang",1
"Q3_Refleksi","latihan",1
"Q3_Refleksi","mampu",1
"Q3_Refleksi","mana",1
"Q3_Refleksi","masuk",1
"Q3_Refleksi","matkul",1
"Q3_Refleksi","melakukannya",1
"Q3_Refleksi","memahami",1
"Q3_Refleksi","mendapat",1
"Q3_Refleksi","mengaplikasikan",1
"Q3_Refleksi","menjaga",1
"Q3_Refleksi","merusak",1
"Q3_Refleksi","meskipun",1
"Q3_Refleksi","meter",1
"Q3_Refleksi","nya",1
"Q3_Refleksi","oleh",1
"Q3_Refleksi","panduan",1
"Q3_Refleksi","pelaksanaan",1
"Q3_Refleksi","penggunaan",1
"Q3_Refleksi","penyemprotan",1
"Q3_Refleksi","percaya",1
"Q3_Refleksi","perlu",1
"Q3_Refleksi","praktik",1
"Q3_Refleksi","proses",1
"Q3_Refleksi","saja",1
"Q3_Refleksi","sedangkan",1
"Q3_Refleksi","sehingga",1
"Q3_Refleksi","sekaligus",1
"Q3_Refleksi","selaku",1
"Q3_Refleksi","serta",1
"Q3_Refleksi","setuju",1
"Q3_Refleksi","stup",1
"Q3_Refleksi","tanah",1
"Q3_Refleksi","teknik",1
"Q3_Refleksi","tepat",1
"Q3_Refleksi","terampil",1
"Q3_Refleksi","tetap",1
"Q4_Refleksi","aktivitas",4
"Q4_Refleksi","mencatat",4
"Q4_Refleksi","sarang",4
"Q4_Refleksi","secara",3
"Q4_Refleksi","bagaimana",2
"Q4_Refleksi","belajar",2
"Q4_Refleksi","dekat",2
"Q4_Refleksi","keluar",2
"Q4_Refleksi","kondisi",2
"Q4_Refleksi","memperhatikan",2
"Q4_Refleksi","mengamati",2
"Q4_Refleksi","perilaku",2
"Q4_Refleksi","pola",2
"Q4_Refleksi","belum",1
"Q4_Refleksi","beraktivitas",1
"Q4_Refleksi","berbeda",1
"Q4_Refleksi","berlangsung",1
"Q4_Refleksi","berpengalaman",1
"Q4_Refleksi","biasanya",1
"Q4_Refleksi","catat",1
"Q4_Refleksi","dilakukan",1
"Q4_Refleksi","fokus",1
"Q4_Refleksi","foraging",1
"Q4_Refleksi","hari",1
"Q4_Refleksi","hasil",1
"Q4_Refleksi","ia",1
"Q4_Refleksi","jelas",1
"Q4_Refleksi","koloni",1
"Q4_Refleksi","langsung",1
"Q4_Refleksi","lapangan",1
"Q4_Refleksi","lingkungan",1
"Q4_Refleksi","masih",1
"Q4_Refleksi","masuk",1
"Q4_Refleksi","melihat",1
"Q4_Refleksi","mengenali",1
"Q4_Refleksi","menyesuaikan",1
"Q4_Refleksi","mereka",1
"Q4_Refleksi","meskipun",1
"Q4_Refleksi","pengamatan",1
"Q4_Refleksi","perlu",1
"Q4_Refleksi","pernah",1
"Q4_Refleksi","sempat",1
"Q4_Refleksi","serta",1
"Q4_Refleksi","setiap",1
"Q4_Refleksi","setuju",1
"Q4_Refleksi","siang",1
"Q4_Refleksi","teratur",1
"Q4_Refleksi","terkadang",1
"Q4_Refleksi","terlihat",1
"Q4_Refleksi","tetapi",1
"Q4_Refleksi","waktu",1
"Q4_Refleksi","ya",1
"Q4_Refleksi","yaa",1
"Q5_Refleksi","hama",9
"Q5_Refleksi","predator",6
"Q5_Refleksi","sarang",6
"Q5_Refleksi","jenis",5
"Q5_Refleksi","atau",3
"Q5_Refleksi","mengganggu",3
"Q5_Refleksi","beberapa",2
"Q5_Refleksi","cara",2
"Q5_Refleksi","cicak",2
"Q5_Refleksi","ciri",2
"Q5_Refleksi","koloni",2
"Q5_Refleksi","mengenal",2
"Q5_Refleksi","mengenali",2
"Q5_Refleksi","semut",2
"Q5_Refleksi","seperti",2
"Q5_Refleksi","serangga",2
"Q5_Refleksi","serta",2
"Q5_Refleksi","terlihat",2
"Q5_Refleksi","ada",1
"Q5_Refleksi","adanya",1
"Q5_Refleksi","amdal",1
"Q5_Refleksi","apabila",1
"Q5_Refleksi","awal",1
"Q5_Refleksi","bersifat",1
"Q5_Refleksi","didekat",1
"Q5_Refleksi","hewan",1
"Q5_Refleksi","identifikasi",1
"Q5_Refleksi","jelas",1
"Q5_Refleksi","kadal",1
"Q5_Refleksi","kecoak",1
"Q5_Refleksi","kemaren",1
"Q5_Refleksi","kumbang",1
"Q5_Refleksi","langsung",1
"Q5_Refleksi","lapangan",1
"Q5_Refleksi","masih",1
"Q5_Refleksi","melalui",1
"Q5_Refleksi","memahami",1
"Q5_Refleksi","membedakan",1
"Q5_Refleksi","mendokumentasikannya",1
"Q5_Refleksi","menemukan",1
"Q5_Refleksi","mengendalikan",1
"Q5_Refleksi","menyaksikan",1
"Q5_Refleksi","mulai",1
"Q5_Refleksi","paham",1
"Q5_Refleksi","pencegahan",1
"Q5_Refleksi","pencegahannya",1
"Q5_Refleksi","pendalaman",1
"Q5_Refleksi","pengamatan",1
"Q5_Refleksi","perbedaan",1
"Q5_Refleksi","perlu",1
"Q5_Refleksi","perusak",1
"Q5_Refleksi","secara",1
"Q5_Refleksi","sehingga",1
"Q5_Refleksi","sepi",1
"Q5_Refleksi","sering",1
"Q5_Refleksi","setuju",1
"Q5_Refleksi","spesifik",1
"Q5_Refleksi","tahu",1
"Q5_Refleksi","terdapat",1
"Q5_Refleksi","tergolong",1
"Q5_Refleksi","terhadap",1
"Q5_Refleksi","tetapi",1
"Q5_Refleksi","ya",1
"Q5_Refleksi","yaa",1
"Q6_Refleksi","sama",5
"Q6_Refleksi","bekerja",3
"Q6_Refleksi","kerja",3
"Q6_Refleksi","mengamati",3
"Q6_Refleksi","tugas",3
"Q6_Refleksi","berkomunikasi",2
"Q6_Refleksi","komunikasi",2
"Q6_Refleksi","lapangan",2
"Q6_Refleksi","pembagian",2
"Q6_Refleksi","pengaplikasian",2
"Q6_Refleksi","saling",2
"Q6_Refleksi","serta",2
"Q6_Refleksi","teliti",2
"Q6_Refleksi","tim",2
"Q6_Refleksi","ya",2
"Q6_Refleksi","adanya",1
"Q6_Refleksi","aktif",1
"Q6_Refleksi","aktivitas",1
"Q6_Refleksi","antar",1
"Q6_Refleksi","bagus",1
"Q6_Refleksi","bahu",1
"Q6_Refleksi","baik",1
"Q6_Refleksi","bekerjasama",1
"Q6_Refleksi","belajar",1
"Q6_Refleksi","berbagi",1
"Q6_Refleksi","berjalan",1
"Q6_Refleksi","berkegiatan",1
"Q6_Refleksi","berkelompok",1
"Q6_Refleksi","berkoordinasi",1
"Q6_Refleksi","bersama",1
"Q6_Refleksi","data",1
"Q6_Refleksi","dilakukan",1
"Q6_Refleksi","diskusi",1
"Q6_Refleksi","dokumentasi",1
"Q6_Refleksi","hama",1
"Q6_Refleksi","hingga",1
"Q6_Refleksi","identitas",1
"Q6_Refleksi","kelompok",1
"Q6_Refleksi","kemaren",1
"Q6_Refleksi","kemarin",1
"Q6_Refleksi","keterampilan",1
"Q6_Refleksi","koloni",1
"Q6_Refleksi","kondisi",1
"Q6_Refleksi","lancar",1
"Q6_Refleksi","lingkungan",1
"Q6_Refleksi","melatih",1
"Q6_Refleksi","memastikan",1
"Q6_Refleksi","membahu",1
"Q6_Refleksi","membantu",1
"Q6_Refleksi","membuat",1
"Q6_Refleksi","memerlukan",1
"Q6_Refleksi","mengikuti",1
"Q6_Refleksi","mengobservasi",1
"Q6_Refleksi","meningkat",1
"Q6_Refleksi","minta",1
"Q6_Refleksi","observasi",1
"Q6_Refleksi","pencatatan",1
"Q6_Refleksi","pengamatan",1
"Q6_Refleksi","pengerjaan",1
"Q6_Refleksi","praktik",1
"Q6_Refleksi","predator",1
"Q6_Refleksi","proses",1
"Q6_Refleksi","sarang",1
"Q6_Refleksi","secara",1
"Q6_Refleksi","sehingga",1
"Q6_Refleksi","sekitar",1
"Q6_Refleksi","serangga",1
"Q6_Refleksi","setuju",1
"Q6_Refleksi","teman",1
"Q6_Refleksi","tujuan",1
"Q6_Refleksi","yaaa",1
"Q7_Refleksi","kebersihan",6
"Q7_Refleksi","lingkungan",5
"Q7_Refleksi","keamanan",3
"Q7_Refleksi","koloni",3
"Q7_Refleksi","menjaga",3
"Q7_Refleksi","pentingnya",3
"Q7_Refleksi","sarang",3
"Q7_Refleksi","agar",2
"Q7_Refleksi","bahwa",2
"Q7_Refleksi","sadar",2
"Q7_Refleksi","sekitar",2
"Q7_Refleksi","serta",2
"Q7_Refleksi","alat",1
"Q7_Refleksi","aman",1
"Q7_Refleksi","area",1
"Q7_Refleksi","bagaimana",1
"Q7_Refleksi","berinteraksi",1
"Q7_Refleksi","berjalan",1
"Q7_Refleksi","budidaya",1
"Q7_Refleksi","contoh",1
"Q7_Refleksi","deva",1
"Q7_Refleksi","efek",1
"Q7_Refleksi","eksternal",1
"Q7_Refleksi","gangguan",1
"Q7_Refleksi","harus",1
"Q7_Refleksi","hasil",1
"Q7_Refleksi","iya",1
"Q7_Refleksi","iyaa",1
"Q7_Refleksi","kak",1
"Q7_Refleksi","kelancaran",1
"Q7_Refleksi","kesehatan",1
"Q7_Refleksi","ketenangan",1
"Q7_Refleksi","kualitas",1
"Q7_Refleksi","langsung",1
"Q7_Refleksi","lapangan",1
"Q7_Refleksi","madu",1
"Q7_Refleksi","melihat",1
"Q7_Refleksi","melindungi",1
"Q7_Refleksi","memberikan",1
"Q7_Refleksi","membersihkan",1
"Q7_Refleksi","memengaruhi",1
"Q7_Refleksi","mempengaruhi",1
"Q7_Refleksi","mencegah",1
"Q7_Refleksi","mendukung",1
"Q7_Refleksi","mengganggu",1
"Q7_Refleksi","menyadari",1
"Q7_Refleksi","merugikan",1
"Q7_Refleksi","pelaksanaan",1
"Q7_Refleksi","pelihat",1
"Q7_Refleksi","pelindung",1
"Q7_Refleksi","pemahaman",1
"Q7_Refleksi","penggunaan",1
"Q7_Refleksi","penting",1
"Q7_Refleksi","perlengkapan",1
"Q7_Refleksi","propolis",1
"Q7_Refleksi","rawat",1
"Q7_Refleksi","saling",1
"Q7_Refleksi","sekitaran",1
"Q7_Refleksi","semakin",1
"Q7_Refleksi","setalah",1
"Q7_Refleksi","setuju",1
"Q7_Refleksi","tanpa",1
"Q7_Refleksi","terganggu",1
"Q7_Refleksi","terus",1
"Q7_Refleksi","ya",1
"Q8_Refleksi","organik",9
"Q8_Refleksi","limbah",7
"Q8_Refleksi","bermanfaat",5
"Q8_Refleksi","mengurangi",5
"Q8_Refleksi","sampah",4
"Q8_Refleksi","alami",3
"Q8_Refleksi","bagi",3
"Q8_Refleksi","lingkungan",3
"Q8_Refleksi","bahan",2
"Q8_Refleksi","bahwa",2
"Q8_Refleksi","dimanfaatkan",2
"Q8_Refleksi","hanya",2
"Q8_Refleksi","memahami",2
"Q8_Refleksi","membantu",2
"Q8_Refleksi","mengolah",2
"Q8_Refleksi","pembuatan",2
"Q8_Refleksi","pestisida",2
"Q8_Refleksi","pupuk",2
"Q8_Refleksi","secara",2
"Q8_Refleksi","seperti",2
"Q8_Refleksi","serta",2
"Q8_Refleksi","setuju",2
"Q8_Refleksi","tetapi",2
"Q8_Refleksi","ada",1
"Q8_Refleksi","adanya",1
"Q8_Refleksi","air",1
"Q8_Refleksi","berguna",1
"Q8_Refleksi","berkelanjutan",1
"Q8_Refleksi","berpotensi",1
"Q8_Refleksi","buah",1
"Q8_Refleksi","cara",1
"Q8_Refleksi","dapur",1
"Q8_Refleksi","dijangkau",1
"Q8_Refleksi","dilingkungan",1
"Q8_Refleksi","enzym",1
"Q8_Refleksi","insektisida",1
"Q8_Refleksi","iyaa",1
"Q8_Refleksi","kalangan",1
"Q8_Refleksi","kita",1
"Q8_Refleksi","kualitas",1
"Q8_Refleksi","langsung",1
"Q8_Refleksi","masyarakat",1
"Q8_Refleksi","mengelola",1
"Q8_Refleksi","menggunakan",1
"Q8_Refleksi","mengubah",1
"Q8_Refleksi","menyadari",1
"Q8_Refleksi","merusak",1
"Q8_Refleksi","mudah",1
"Q8_Refleksi","oleh",1
"Q8_Refleksi","pemanfaatan",1
"Q8_Refleksi","penggunaan",1
"Q8_Refleksi","peningkatan",1
"Q8_Refleksi","produk",1
"Q8_Refleksi","salah",1
"Q8_Refleksi","satu",1
"Q8_Refleksi","seluruh",1
"Q8_Refleksi","semoga",1
"Q8_Refleksi","sendiri",1
"Q8_Refleksi","sisa",1
"Q8_Refleksi","tahu",1
"Q8_Refleksi","tanaman",1
"Q8_Refleksi","tanpa",1
"Q8_Refleksi","terbukti",1
"Q8_Refleksi","tumpukan",1
"Q8_Refleksi","udara",1
"Q8_Refleksi","utama",1
"Q9_Refleksi","lingkungan",8
"Q9_Refleksi","ikut",4
"Q9_Refleksi","menjaga",4
"Q9_Refleksi","termotivasi",3
"Q9_Refleksi","berperan",2
"Q9_Refleksi","ekosistem",2
"Q9_Refleksi","harus",2
"Q9_Refleksi","kehidupan",2
"Q9_Refleksi","kelestarian",2
"Q9_Refleksi","melalui",2
"Q9_Refleksi","membuat",2
"Q9_Refleksi","merasa",2
"Q9_Refleksi","sekitar",2
"Q9_Refleksi","serta",2
"Q9_Refleksi","terutama",2
"Q9_Refleksi","ada",1
"Q9_Refleksi","akhirnya",1
"Q9_Refleksi","aktif",1
"Q9_Refleksi","bagi",1
"Q9_Refleksi","bahwa",1
"Q9_Refleksi","baik",1
"Q9_Refleksi","besar",1
"Q9_Refleksi","biologi",1
"Q9_Refleksi","cara",1
"Q9_Refleksi","co",1
"Q9_Refleksi","contoh",1
"Q9_Refleksi","dampak",1
"Q9_Refleksi","dijaga",1
"Q9_Refleksi","dilestarikan",1
"Q9_Refleksi","dimanfaatkan",1
"Q9_Refleksi","disekitarnya",1
"Q9_Refleksi","harapannya",1
"Q9_Refleksi","hari",1
"Q9_Refleksi","hidup",1
"Q9_Refleksi","kebersihan",1
"Q9_Refleksi","kecil",1
"Q9_Refleksi","limbah",1
"Q9_Refleksi","makhluk",1
"Q9_Refleksi","mampu",1
"Q9_Refleksi","manfaat",1
"Q9_Refleksi","memahami",1
"Q9_Refleksi","memanfaatkan",1
"Q9_Refleksi","memberi",1
"Q9_Refleksi","memberikan",1
"Q9_Refleksi","mendukung",1
"Q9_Refleksi","menggunakan",1
"Q9_Refleksi","mengubah",1
"Q9_Refleksi","merugikan",1
"Q9_Refleksi","nyata",1
"Q9_Refleksi","organik",1
"Q9_Refleksi","peduli",1
"Q9_Refleksi","pelestarian",1
"Q9_Refleksi","rumah",1
"Q9_Refleksi","sadar",1
"Q9_Refleksi","sederhana",1
"Q9_Refleksi","sehari",1
"Q9_Refleksi","seorang",1
"Q9_Refleksi","seperti",1
"Q9_Refleksi","setuju",1
"Q9_Refleksi","tanpa",1
"Q9_Refleksi","terpanggil",1
"Q9_Refleksi","terus",1
"Q9_Refleksi","tindakan",1
"Q9_Refleksi","upaya",1
